{"stats":{"minecraft:picked_up":{"minecraft:oak_sapling":1,"minecraft:birch_sapling":1},"minecraft:custom":{"minecraft:jump":49,"minecraft:time_since_rest":1485,"minecraft:damage_dealt":15,"minecraft:play_one_minute":1485,"minecraft:leave_game":1,"minecraft:sprint_one_cm":4085,"minecraft:damage_taken":50,"minecraft:time_since_death":1485,"minecraft:walk_one_cm":1661,"minecraft:fall_one_cm":1716,"minecraft:fly_one_cm":8962},"minecraft:mined":{"minecraft:birch_leaves":4,"minecraft:oak_leaves":1}},"DataVersion":2586}